0,0,0,0,0,0,0,0,0,0,0,0,0,0,0,0,0,0,0,0,0,0,0,0,0,1,0,0,0,0,0,0,0,0,0,0,0,0,0,0,0,0,0,0,0,0,0,0,0,0,0,
0,0,0,0,0,0,0,0,0,0,0,0,0,0,0,0,0,0,0,0,0,0,0,0,0.0909091,0.818182,0.0909091,0,0,0,0,0,0,0,0,0,0,0,0,0,0,0,0,0,0,0,0,0,0,0,0,
0,0,0,0,0,0,0,0,0,0,0,0,0,0,0,0,0,0,0,0,0,0,0,0.00840336,0.142857,0.697479,0.142857,0.00840336,0,0,0,0,0,0,0,0,0,0,0,0,0,0,0,0,0,0,0,0,0,0,0,
0,0,0,0,0,0,0,0,0,0,0,0,0,0,0,0,0,0,0,0,0,0,0.000785546,0.0196386,0.17282,0.613511,0.17282,0.0196386,0.000785546,0,0,0,0,0,0,0,0,0,0,0,0,0,0,0,0,0,0,0,0,0,0,
0,0,0,0,0,0,0,0,0,0,0,0,0,0,0,0,0,0,0,0,0,7.40138e-05,0.00244245,0.0311598,0.189919,0.552809,0.189919,0.0311598,0.00244245,7.40138e-05,0,0,0,0,0,0,0,0,0,0,0,0,0,0,0,0,0,0,0,0,0,
0,0,0,0,0,0,0,0,0,0,0,0,0,0,0,0,0,0,0,0,7.01366e-06,0.00028756,0.00481137,0.0418505,0.199314,0.507459,0.199314,0.0418505,0.00481137,0.00028756,7.01366e-06,0,0,0,0,0,0,0,0,0,0,0,0,0,0,0,0,0,0,0,0,
0,0,0,0,0,0,0,0,0,0,0,0,0,0,0,0,0,0,0,6.67493e-07,3.27072e-05,0.000677505,0.0076735,0.0512902,0.204029,0.472594,0.204029,0.0512902,0.0076735,0.000677505,3.27072e-05,6.67493e-07,0,0,0,0,0,0,0,0,0,0,0,0,0,0,0,0,0,0,0,
0,0,0,0,0,0,0,0,0,0,0,0,0,0,0,0,0,0,6.37371e-08,3.63302e-06,8.97419e-05,0.00125339,0.010824,0.0593954,0.205881,0.445105,0.205881,0.0593954,0.010824,0.00125339,8.97419e-05,3.63302e-06,6.37371e-08,0,0,0,0,0,0,0,0,0,0,0,0,0,0,0,0,0,0,
0,0,0,0,0,0,0,0,0,0,0,0,0,0,0,0,0,6.1021e-09,3.96637e-07,1.13804e-05,0.00018908,0.00200485,0.0140966,0.0662385,0.205987,0.422945,0.205987,0.0662385,0.0140966,0.00200485,0.00018908,1.13804e-05,3.96637e-07,6.1021e-09,0,0,0,0,0,0,0,0,0,0,0,0,0,0,0,0,0,
0,0,0,0,0,0,0,0,0,0,0,0,0,0,0,0,5.85449e-10,4.27378e-08,1.39688e-06,2.69137e-05,0.000338568,0.0029094,0.0173671,0.0719558,0.205036,0.40473,0.205036,0.0719558,0.0173671,0.0029094,0.000338568,2.69137e-05,1.39688e-06,4.27378e-08,5.85449e-10,0,0,0,0,0,0,0,0,0,0,0,0,0,0,0,0,
0,0,0,0,0,0,0,0,0,0,0,0,0,0,0,5.62676e-11,4.55768e-09,1.67171e-07,3.66482e-06,5.33675e-05,0.000542528,0.00393868,0.0205486,0.0767006,0.203462,0.3895,0.203462,0.0767006,0.0205486,0.00393868,0.000542528,5.33675e-05,3.66482e-06,1.67171e-07,4.55768e-09,5.62676e-11,0,0,0,0,0,0,0,0,0,0,0,0,0,0,0,
0,0,0,0,0,0,0,0,0,0,0,0,0,0,5.41581e-12,4.82007e-10,1.96052e-08,4.81905e-07,7.97471e-06,9.3665e-05,0.00080199,0.00506286,0.0235842,0.0806214,0.20154,0.376575,0.20154,0.0806214,0.0235842,0.00506286,0.00080199,9.3665e-05,7.97471e-06,4.81905e-07,1.96052e-08,4.82007e-10,5.41581e-12,0,0,0,0,0,0,0,0,0,0,0,0,0,0,
0,0,0,0,0,0,0,0,0,0,0,0,0,5.21927e-13,5.06269e-11,2.26151e-09,6.1603e-08,1.14195e-06,1.52213e-05,0.00015027,0.00111525,0.00625341,0.0264401,0.0838519,0.199441,0.365463,0.199441,0.0838519,0.0264401,0.00625341,0.00111525,0.00015027,1.52213e-05,1.14195e-06,6.1603e-08,2.26151e-09,5.06269e-11,5.21927e-13,0,0,0,0,0,0,0,0,0,0,0,0,0,
0,0,0,0,0,0,0,0,0,0,0,0,5.03525e-14,5.28701e-12,2.57301e-10,7.69341e-09,1.57932e-07,2.35575e-06,2.6355e-05,0.000225038,0.00147853,0.00748473,0.0290991,0.0865081,0.197275,0.355802,0.197275,0.0865081,0.0290991,0.00748473,0.00147853,0.000225038,2.6355e-05,2.35575e-06,1.57932e-07,7.69341e-09,2.57301e-10,5.28701e-12,5.03525e-14,0,0,0,0,0,0,0,0,0,0,0,0,
0,0,0,0,0,0,0,0,0,0,0,4.86225e-15,5.49434e-13,2.89353e-11,9.42187e-10,2.12187e-08,3.50229e-07,4.38005e-06,4.23177e-05,0.000319163,0.00188667,0.00873476,0.0315558,0.0886883,0.195109,0.347319,0.195109,0.0886883,0.0315558,0.00873476,0.00188667,0.000319163,4.23177e-05,4.38005e-06,3.50229e-07,2.12187e-08,9.42187e-10,2.89353e-11,5.49434e-13,4.86225e-15,0,0,0,0,0,0,0,0,0,0,0,
0,0,0,0,0,0,0,0,0,0,4.69904e-16,5.68584e-14,3.22166e-12,1.1348e-10,2.78189e-09,5.03435e-08,6.96132e-07,7.51e-06,6.39861e-05,0.000433184,0.00233368,0.00998525,0.0338126,0.0904748,0.192985,0.339807,0.192985,0.0904748,0.0338126,0.00998525,0.00233368,0.000433184,6.39861e-05,7.51e-06,6.96132e-07,5.03435e-08,2.78189e-09,1.1348e-10,3.22166e-12,5.68584e-14,4.69904e-16,0,0,0,0,0,0,0,0,0,0,
0,0,0,0,0,0,0,0,0,4.54461e-17,5.86255e-15,3.55616e-13,1.34732e-11,3.57159e-10,7.03226e-09,1.06546e-07,1.26979e-06,1.20662e-05,9.21278e-05,0.000567045,0.00281319,0.0112215,0.035877,0.0919355,0.190928,0.333104,0.190928,0.0919355,0.035877,0.0112215,0.00281319,0.000567045,9.21278e-05,1.20662e-05,1.26979e-06,1.06546e-07,7.03226e-09,3.57159e-10,1.34732e-11,3.55616e-13,5.86255e-15,4.54461e-17,0,0,0,0,0,0,0,0,0,
0,0,0,0,0,0,0,0,4.39811e-18,6.02541e-16,3.89585e-14,1.57978e-12,4.50301e-11,9.58376e-10,1.57901e-08,2.06055e-07,2.16112e-06,1.83805e-05,0.000127371,0.000720179,0.00331886,0.0124321,0.0377595,0.0931269,0.188952,0.327084,0.188952,0.0931269,0.0377595,0.0124321,0.00331886,0.000720179,0.000127371,1.83805e-05,2.16112e-06,2.06055e-07,1.57901e-08,9.58376e-10,4.50301e-11,1.57978e-12,3.89585e-14,6.02541e-16,4.39811e-18,0,0,0,0,0,0,0,0,
0,0,0,0,0,0,0,4.25881e-19,6.17528e-17,4.23965e-15,1.83212e-13,5.58796e-12,1.27838e-10,2.27578e-09,3.22777e-08,3.7042e-07,3.47392e-06,2.67816e-05,0.000170186,0.000891603,0.00384457,0.0136084,0.0394724,0.094095,0.187064,0.321645,0.187064,0.094095,0.0394724,0.0136084,0.00384457,0.000891603,0.000170186,2.67816e-05,3.47392e-06,3.7042e-07,3.22777e-08,2.27578e-09,1.27838e-10,5.58796e-12,1.83212e-13,4.23965e-15,6.17528e-17,4.25881e-19,0,0,0,0,0,0,0,
0,0,0,0,0,0,4.1261e-20,6.31293e-18,4.58657e-16,2.10423e-14,6.83796e-13,1.67343e-11,3.20111e-10,4.90346e-09,6.11256e-08,6.26795e-07,5.32312e-06,3.75824e-05,0.000220883,0.00108002,0.00438462,0.0147442,0.0410286,0.094878,0.185267,0.316707,0.185267,0.094878,0.0410286,0.0147442,0.00438462,0.00108002,0.000220883,3.75824e-05,5.32312e-06,6.26795e-07,6.11256e-08,4.90346e-09,3.20111e-10,1.67343e-11,6.83796e-13,2.10423e-14,4.58657e-16,6.31293e-18,4.1261e-20,0,0,0,0,0,0,
0,0,0,0,0,3.99943e-21,6.43909e-19,4.9357e-17,2.39591e-15,8.2642e-14,2.15434e-12,4.40711e-11,7.25143e-10,9.75829e-09,1.0863e-07,1.00794e-06,7.83139e-06,5.10691e-05,0.000279611,0.0012839,0.00493386,0.0158352,0.042441,0.0955071,0.183558,0.312202,0.183558,0.0955071,0.042441,0.0158352,0.00493386,0.0012839,0.000279611,5.10691e-05,7.83139e-06,1.00794e-06,1.0863e-07,9.75829e-09,7.25143e-10,4.40711e-11,2.15434e-12,8.2642e-14,2.39591e-15,4.9357e-17,6.43909e-19,3.99943e-21,0,0,0,0,0,
0,0,0,0,3.87835e-22,6.55441e-20,5.28619e-18,2.7069e-16,9.87748e-15,2.73256e-13,5.953e-12,1.04717e-10,1.51311e-09,1.81747e-08,1.82962e-07,1.5519e-06,1.11255e-05,6.74924e-05,0.000346372,0.00150159,0.00548767,0.0168787,0.043722,0.0960082,0.181937,0.308075,0.181937,0.0960082,0.043722,0.0168787,0.00548767,0.00150159,0.000346372,6.74924e-05,1.11255e-05,1.5519e-06,1.82962e-07,1.81747e-08,1.51311e-09,1.04717e-10,5.953e-12,2.73256e-13,9.87748e-15,2.7069e-16,5.28619e-18,6.55441e-20,3.87835e-22,0,0,0,0,
0,0,0,3.76244e-23,6.65952e-21,5.63726e-19,3.03689e-17,1.16882e-15,3.4201e-14,7.90537e-13,1.48053e-11,2.28636e-10,2.94762e-09,3.20014e-08,2.9431e-07,2.30146e-06,1.53325e-05,8.70615e-05,0.000421035,0.00173134,0.00604202,0.0178733,0.0448835,0.0964026,0.180401,0.304281,0.180401,0.0964026,0.0448835,0.0178733,0.00604202,0.00173134,0.000421035,8.70615e-05,1.53325e-05,2.30146e-06,2.9431e-07,3.20014e-08,2.94762e-09,2.28636e-10,1.48053e-11,7.90537e-13,3.4201e-14,1.16882e-15,3.03689e-17,5.63726e-19,6.65952e-21,3.76244e-23,0,0,0,
0,0,3.65134e-24,6.75497e-22,5.98819e-20,3.38552e-18,1.37063e-16,4.2295e-15,1.03386e-13,2.05389e-12,3.37597e-11,4.65003e-10,5.41629e-09,5.36931e-08,4.54951e-07,3.30333e-06,2.05762e-05,0.000109941,0.000503352,0.00197139,0.00659345,0.0188186,0.0459366,0.0967079,0.178944,0.300781,0.178944,0.0967079,0.0459366,0.0188186,0.00659345,0.00197139,0.000503352,0.000109941,2.05762e-05,3.30333e-06,4.54951e-07,5.36931e-08,5.41629e-09,4.65003e-10,3.37597e-11,2.05389e-12,1.03386e-13,4.2295e-15,1.37063e-16,3.38552e-18,5.98819e-20,6.75497e-22,3.65134e-24,0,0,
0,0,6.84131e-23,6.33831e-21,3.75239e-19,1.59412e-17,5.17377e-16,1.33348e-14,2.80095e-13,4.88256e-12,7.1561e-11,8.90231e-10,9.46418e-09,8.63927e-08,6.79234e-07,4.6072e-06,2.6974e-05,0.000136247,0.000592979,0.00222002,0.00713903,0.0197149,0.0468915,0.0969386,0.177563,0.297542,0.177563,0.0969386,0.0468915,0.0197149,0.00713903,0.00222002,0.000592979,0.000136247,2.6974e-05,4.6072e-06,6.79234e-07,8.63927e-08,9.46418e-09,8.90231e-10,7.1561e-11,4.88256e-12,2.80095e-13,1.33348e-14,5.17377e-16,1.59412e-17,3.75239e-19,6.33831e-21,6.84131e-23,0,0,
0,0,6.68666e-22,4.13704e-20,1.84019e-18,6.26637e-17,1.69844e-15,3.76101e-14,6.93045e-13,1.07697e-11,1.4252e-10,1.61763e-09,1.58287e-08,1.33997e-07,9.83484e-07,6.26469e-06,3.46341e-05,0.000166052,0.000689494,0.00247556,0.00767631,0.0205631,0.0477576,0.097107,0.176254,0.294537,0.176254,0.097107,0.0477576,0.0205631,0.00767631,0.00247556,0.000689494,0.000166052,3.46341e-05,6.26469e-06,9.83484e-07,1.33997e-07,1.58287e-08,1.61763e-09,1.4252e-10,1.07697e-11,6.93045e-13,3.76101e-14,1.69844e-15,6.26637e-17,1.84019e-18,4.13704e-20,6.68666e-22,0,0,
0,0,4.53831e-21,2.10969e-19,7.52114e-18,2.1386e-16,4.97936e-15,9.67138e-14,1.58839e-12,2.22808e-11,2.68934e-10,2.8085e-09,2.54741e-08,2.01203e-07,1.38584e-06,8.32821e-06,4.36533e-05,0.000199382,0.000792417,0.00273643,0.00820329,0.0213646,0.0485433,0.0972232,0.175013,0.291741,0.175013,0.0972232,0.0485433,0.0213646,0.00820329,0.00273643,0.000792417,0.000199382,4.36533e-05,8.32821e-06,1.38584e-06,2.01203e-07,2.54741e-08,2.8085e-09,2.68934e-10,2.22808e-11,1.58839e-12,9.67138e-14,4.97936e-15,2.1386e-16,7.52114e-18,2.10969e-19,4.53831e-21,0,0,
0,0,2.40266e-20,8.95225e-19,2.66466e-17,6.5079e-16,1.32886e-14,2.29998e-13,3.409e-12,4.36048e-11,4.84102e-10,4.68444e-09,3.96244e-08,2.9353e-07,1.90601e-06,1.08499e-05,5.41149e-05,0.000236221,0.000901222,0.00300116,0.00871839,0.022121,0.0492564,0.0972957,0.173835,0.289134,0.173835,0.0972957,0.0492564,0.022121,0.00871839,0.00300116,0.000901222,0.000236221,5.41149e-05,1.08499e-05,1.90601e-06,2.9353e-07,3.96244e-08,4.68444e-09,4.84102e-10,4.36048e-11,3.409e-12,2.29998e-13,1.32886e-14,6.5079e-16,2.66466e-17,8.95225e-19,2.40266e-20,0,0,
0,0,1.05688e-19,3.28817e-18,8.40555e-17,1.80011e-15,3.27488e-14,5.1144e-13,6.91086e-12,8.12847e-11,8.35917e-10,7.54038e-09,5.97921e-08,4.17321e-07,2.56499e-06,1.38807e-05,6.60882e-05,0.000276516,0.00101536,0.00326839,0.00922033,0.0228341,0.0499039,0.0973316,0.172718,0.286699,0.172718,0.0973316,0.0499039,0.0228341,0.00922033,0.00326839,0.00101536,0.000276516,6.60882e-05,1.38807e-05,2.56499e-06,4.17321e-07,5.97921e-08,7.54038e-09,8.35917e-10,8.12847e-11,6.91086e-12,5.1144e-13,3.27488e-14,1.80011e-15,8.40555e-17,3.28817e-18,1.05688e-19,0,0,
0,0,4.01846e-19,1.07388e-17,2.40683e-16,4.59173e-15,7.53624e-14,1.07276e-12,1.33262e-11,1.45149e-10,1.39102e-09,1.1758e-08,8.78025e-08,5.79714e-07,3.38475e-06,1.7469e-05,7.96273e-05,0.000320178,0.00113426,0.00353688,0.00970818,0.0235058,0.0504921,0.0973368,0.171656,0.284418,0.171656,0.0973368,0.0504921,0.0235058,0.00970818,0.00353688,0.00113426,0.000320178,7.96273e-05,1.7469e-05,3.38475e-06,5.79714e-07,8.78025e-08,1.1758e-08,1.39102e-09,1.45149e-10,1.33262e-11,1.07276e-12,7.53624e-14,4.59173e-15,2.40683e-16,1.07388e-17,4.01846e-19,0,0,
0,0,1.35677e-18,3.17952e-17,6.3474e-16,1.0923e-14,1.63378e-13,2.13757e-12,2.4584e-11,2.49459e-10,2.23944e-09,1.7819e-08,1.25811e-07,7.88598e-07,4.38788e-06,2.16604e-05,9.47711e-05,0.00036709,0.00125735,0.00380551,0.0101812,0.0241381,0.0510266,0.0973163,0.170647,0.282279,0.170647,0.0973163,0.0510266,0.0241381,0.0101812,0.00380551,0.00125735,0.00036709,9.47711e-05,2.16604e-05,4.38788e-06,7.88598e-07,1.25811e-07,1.7819e-08,2.23944e-09,2.49459e-10,2.4584e-11,2.13757e-12,1.63378e-13,1.0923e-14,6.3474e-16,3.17952e-17,1.35677e-18,0,0,
0,0,4.14785e-18,8.66013e-17,1.55926e-15,2.44495e-14,3.36065e-13,4.06991e-12,4.35962e-11,4.14275e-10,3.4996e-09,2.63173e-08,1.76313e-07,1.05254e-06,5.59721e-06,2.64963e-05,0.000111543,0.00041711,0.00138407,0.00407329,0.010639,0.0247331,0.0515127,0.0972745,0.169687,0.280269,0.169687,0.0972745,0.0515127,0.0247331,0.010639,0.00407329,0.00138407,0.00041711,0.000111543,2.64963e-05,5.59721e-06,1.05254e-06,1.76313e-07,2.63173e-08,3.4996e-09,4.14275e-10,4.35962e-11,4.06991e-12,3.36065e-13,2.44495e-14,1.55926e-15,8.66013e-17,4.14785e-18,0,0,
0,0,1.16518e-17,2.19471e-16,3.60012e-15,5.18684e-14,6.59796e-13,7.44061e-12,7.46201e-11,6.67045e-10,5.32364e-09,3.7971e-08,2.42149e-07,1.38068e-06,7.03546e-06,3.20138e-05,0.000129953,0.000470075,0.00151387,0.00433932,0.0110813,0.0252928,0.0519548,0.0972149,0.168774,0.278377,0.168774,0.0972149,0.0519548,0.0252928,0.0110813,0.00433932,0.00151387,0.000470075,0.000129953,3.20138e-05,7.03546e-06,1.38068e-06,2.42149e-07,3.7971e-08,5.32364e-09,6.67045e-10,7.46201e-11,7.44061e-12,6.59796e-13,5.18684e-14,3.60012e-15,2.19471e-16,1.16518e-17,0,0,
0,0,3.04217e-17,5.22217e-16,7.86981e-15,1.04914e-13,1.2425e-12,1.31154e-11,1.23701e-10,1.04439e-09,7.90272e-09,5.36311e-08,3.26496e-07,1.78268e-06,8.72494e-06,3.82452e-05,0.000149996,0.000525805,0.00164621,0.00460284,0.0115079,0.0258191,0.0523571,0.0971406,0.167904,0.276595,0.167904,0.0971406,0.0523571,0.0258191,0.0115079,0.00460284,0.00164621,0.000525805,0.000149996,3.82452e-05,8.72494e-06,1.78268e-06,3.26496e-07,5.36311e-08,7.90272e-09,1.04439e-09,1.23701e-10,1.31154e-11,1.2425e-12,1.04914e-13,7.86981e-15,5.22217e-16,3.04217e-17,0,0,
0,0,7.44984e-17,1.17529e-15,1.63862e-14,2.03343e-13,2.25369e-12,2.2368e-11,1.99201e-10,1.59406e-09,1.14724e-08,7.429e-08,4.32856e-07,2.26854e-06,1.06871e-05,4.52176e-05,0.000171654,0.000584108,0.00178058,0.00486317,0.0119188,0.0263139,0.0527233,0.0970541,0.167076,0.274912,0.167076,0.0970541,0.0527233,0.0263139,0.0119188,0.00486317,0.00178058,0.000584108,0.000171654,4.52176e-05,1.06871e-05,2.26854e-06,4.32856e-07,7.429e-08,1.14724e-08,1.59406e-09,1.99201e-10,2.2368e-11,2.25369e-12,2.03343e-13,1.63862e-14,1.17529e-15,7.44984e-17,0,0,
0,0,1.72388e-16,2.5171e-15,3.26629e-14,3.79256e-13,3.95145e-12,3.70221e-11,3.12415e-10,2.37706e-09,1.63177e-08,1.01086e-07,5.65035e-07,2.84852e-06,1.29425e-05,5.29524e-05,0.000194898,0.000644784,0.0019165,0.00511973,0.0123142,0.0267792,0.0530569,0.0969577,0.166286,0.273322,0.166286,0.0969577,0.0530569,0.0267792,0.0123142,0.00511973,0.0019165,0.000644784,0.000194898,5.29524e-05,1.29425e-05,2.84852e-06,5.65035e-07,1.01086e-07,1.63177e-08,2.37706e-09,3.12415e-10,3.70221e-11,3.95145e-12,3.79256e-13,3.26629e-14,2.5171e-15,1.72388e-16,0,0,
0,0,3.79255e-16,5.15628e-15,6.25967e-14,6.83145e-13,6.71769e-12,5.96247e-11,4.78269e-10,3.46983e-09,2.27779e-08,1.35306e-07,7.27115e-07,3.53301e-06,1.55102e-05,6.14659e-05,0.000219687,0.000707626,0.00205353,0.00537203,0.0126943,0.0272166,0.0533607,0.0968532,0.165532,0.271818,0.165532,0.0968532,0.0533607,0.0272166,0.0126943,0.00537203,0.00205353,0.000707626,0.000219687,6.14659e-05,1.55102e-05,3.53301e-06,7.27115e-07,1.35306e-07,2.27779e-08,3.46983e-09,4.78269e-10,5.96247e-11,6.71769e-12,6.83145e-13,6.25967e-14,5.15628e-15,3.79255e-16,0,0,
0,0,7.97358e-16,1.01468e-14,1.15761e-13,1.19214e-12,1.11031e-11,9.36527e-11,7.16095e-10,4.96648e-09,3.12504e-08,1.78385e-07,9.23423e-07,4.33238e-06,1.84077e-05,7.07689e-05,0.000245973,0.000772427,0.00219123,0.00561966,0.0130593,0.0276278,0.0536376,0.0967422,0.164813,0.270392,0.164813,0.0967422,0.0536376,0.0276278,0.0130593,0.00561966,0.00219123,0.000772427,0.000245973,7.07689e-05,1.84077e-05,4.33238e-06,9.23423e-07,1.78385e-07,3.12504e-08,4.96648e-09,7.16095e-10,9.36527e-11,1.11031e-11,1.19214e-12,1.15761e-13,1.01468e-14,7.97358e-16,0,0,
0,0,1.60906e-15,1.92527e-14,2.07234e-13,2.02096e-12,1.78834e-11,1.43755e-10,1.05049e-09,6.98107e-09,4.21946e-08,2.31905e-07,1.15849e-06,5.25687e-06,2.16509e-05,8.08666e-05,0.000273697,0.000838976,0.00232921,0.00586227,0.0134096,0.0280144,0.0538899,0.0966261,0.164126,0.269041,0.164126,0.0966261,0.0538899,0.0280144,0.0134096,0.00586227,0.00232921,0.000838976,0.000273697,8.08666e-05,2.16509e-05,5.25687e-06,1.15849e-06,2.31905e-07,4.21946e-08,6.98107e-09,1.05049e-09,1.43755e-10,1.78834e-11,2.02096e-12,2.07234e-13,1.92527e-14,1.60906e-15,0,0,
0,0,3.12835e-15,3.53358e-14,3.60119e-13,3.33608e-12,2.81276e-11,2.16029e-10,1.51219e-09,9.64975e-09,5.6134e-08,2.97586e-07,1.43701e-06,6.31649e-06,2.52536e-05,9.17594e-05,0.000302796,0.000907068,0.00246712,0.0060996,0.0137456,0.028378,0.05412,0.0965061,0.163469,0.267758,0.163469,0.0965061,0.05412,0.028378,0.0137456,0.0060996,0.00246712,0.000907068,0.000302796,9.17594e-05,2.52536e-05,6.31649e-06,1.43701e-06,2.97586e-07,5.6134e-08,9.64975e-09,1.51219e-09,2.16029e-10,2.81276e-11,3.33608e-12,3.60119e-13,3.53358e-14,3.12835e-15,0,0,
0,0,5.87885e-15,6.2909e-14,6.08932e-13,5.37375e-12,4.32797e-11,3.18331e-10,2.13905e-09,1.31328e-08,7.36585e-08,3.77281e-07,1.76379e-06,7.52088e-06,2.92279e-05,0.000103443,0.000333198,0.000976499,0.00260462,0.00633142,0.0140675,0.02872,0.0543297,0.0963831,0.162842,0.26654,0.162842,0.0963831,0.0543297,0.02872,0.0140675,0.00633142,0.00260462,0.000976499,0.000333198,0.000103443,2.92279e-05,7.52088e-06,1.76379e-06,3.77281e-07,7.36585e-08,1.31328e-08,2.13905e-09,3.18331e-10,4.32797e-11,5.37375e-12,6.08932e-13,6.2909e-14,5.87885e-15,0,0,
0,0,1.07085e-14,1.08906e-13,1.00405e-12,8.46231e-12,6.52549e-11,4.60621e-10,2.977e-09,1.76164e-08,9.54248e-08,4.72963e-07,2.14371e-06,8.8792e-06,3.35835e-05,0.000115907,0.000364828,0.00104707,0.00274142,0.00655756,0.014376,0.0290416,0.0545208,0.096258,0.162241,0.265381,0.162241,0.096258,0.0545208,0.0290416,0.014376,0.00655756,0.00274142,0.00104707,0.000364828,0.000115907,3.35835e-05,8.8792e-06,2.14371e-06,4.72963e-07,9.54248e-08,1.76164e-08,2.977e-09,4.60621e-10,6.52549e-11,8.46231e-12,1.00405e-12,1.08906e-13,1.07085e-14,0,0,
0,0,1.89544e-14,1.83725e-13,1.61744e-12,1.30494e-11,9.655e-11,6.55331e-10,4.08101e-09,2.33146e-08,1.22156e-07,5.86713e-07,2.58167e-06,1.04001e-05,3.83283e-05,0.00012914,0.000397609,0.0011186,0.00287724,0.00677792,0.0146714,0.0293442,0.0546951,0.0961314,0.161667,0.264277,0.161667,0.0961314,0.0546951,0.0293442,0.0146714,0.00677792,0.00287724,0.0011186,0.000397609,0.00012914,3.83283e-05,1.04001e-05,2.58167e-06,5.86713e-07,1.22156e-07,2.33146e-08,4.08101e-09,6.55331e-10,9.655e-11,1.30494e-11,1.61744e-12,1.83725e-13,1.89544e-14,0,0,
0,0,3.26725e-14,3.02621e-13,2.54988e-12,1.97347e-11,1.40368e-10,9.17766e-10,5.51602e-09,3.04701e-08,1.54641e-07,7.20707e-07,3.08255e-06,1.20915e-05,4.34679e-05,0.000143123,0.000431458,0.00119089,0.00301185,0.0069924,0.0149541,0.029629,0.054854,0.0960041,0.161116,0.263226,0.161116,0.0960041,0.054854,0.029629,0.0149541,0.0069924,0.00301185,0.00119089,0.000431458,0.000143123,4.34679e-05,1.20915e-05,3.08255e-06,7.20707e-07,1.54641e-07,3.04701e-08,5.51602e-09,9.17766e-10,1.40368e-10,1.97347e-11,2.54988e-12,3.02621e-13,3.26725e-14,0,0,
0,0,5.49536e-14,4.87519e-13,3.93993e-12,2.93082e-11,2.0076e-10,1.26651e-09,7.35793e-09,3.93558e-08,1.93731e-07,8.77194e-07,3.65115e-06,1.39608e-05,4.90058e-05,0.000157836,0.000466294,0.00126378,0.00314502,0.00720097,0.0152247,0.029897,0.0549988,0.0958766,0.160589,0.262225,0.160589,0.0958766,0.0549988,0.029897,0.0152247,0.00720097,0.00314502,0.00126378,0.000466294,0.000157836,4.90058e-05,1.39608e-05,3.65115e-06,8.77194e-07,1.93731e-07,3.93558e-08,7.35793e-09,1.26651e-09,2.0076e-10,2.93082e-11,3.93993e-12,4.87519e-13,5.49536e-14,0,0,
0,0,9.03457e-14,7.6933e-13,5.97484e-12,4.27944e-11,2.82775e-10,1.72388e-09,9.69437e-09,5.02752e-08,2.40337e-07,1.05849e-06,4.29217e-06,1.60144e-05,5.49436e-05,0.000173256,0.000502032,0.00133709,0.00327657,0.0074036,0.0154835,0.0301494,0.0551307,0.0957493,0.160083,0.261269,0.160083,0.0957493,0.0551307,0.0301494,0.0154835,0.0074036,0.00327657,0.00133709,0.000502032,0.000173256,5.49436e-05,1.60144e-05,4.29217e-06,1.05849e-06,2.40337e-07,5.02752e-08,9.69437e-09,1.72388e-09,2.82775e-10,4.27944e-11,5.97484e-12,7.6933e-13,9.03457e-14,0,0,
0,0,1.4541e-13,1.19087e-12,8.90362e-12,6.15036e-11,3.92629e-10,2.3163e-09,1.26255e-08,6.35626e-08,2.95428e-07,1.26694e-06,5.01012e-06,1.82581e-05,6.12808e-05,0.000189355,0.000538588,0.00141068,0.00340633,0.00760032,0.0157311,0.030387,0.0552509,0.0956225,0.159599,0.260356,0.159599,0.0956225,0.0552509,0.030387,0.0157311,0.00760032,0.00340633,0.00141068,0.000538588,0.000189355,6.12808e-05,1.82581e-05,5.01012e-06,1.26694e-06,2.95428e-07,6.35626e-08,1.26255e-08,2.3163e-09,3.92629e-10,6.15036e-11,8.90362e-12,1.19087e-12,1.4541e-13,0,0,
0,0,2.29442e-13,1.81046e-12,1.30525e-11,8.70888e-11,5.37879e-10,3.0748e-09,1.62649e-08,7.95834e-08,3.60019e-07,1.50493e-06,5.80935e-06,2.06967e-05,6.80152e-05,0.000206105,0.000575881,0.00148439,0.00353415,0.00779115,0.0159679,0.0306109,0.0553604,0.0954967,0.159134,0.259485,0.159134,0.0954967,0.0553604,0.0306109,0.0159679,0.00779115,0.00353415,0.00148439,0.000575881,0.000206105,6.80152e-05,2.06967e-05,5.80935e-06,1.50493e-06,3.60019e-07,7.95834e-08,1.62649e-08,3.0748e-09,5.37879e-10,8.70888e-11,1.30525e-11,1.81046e-12,2.29442e-13,0,0,
0,0,3.55378e-13,2.70634e-12,1.8843e-11,1.21609e-10,7.27612e-10,4.0354e-09,2.07395e-08,9.87332e-08,4.35174e-07,1.77482e-06,6.69394e-06,2.33343e-05,7.51425e-05,0.000223475,0.000613826,0.00155808,0.00365991,0.00797616,0.0161943,0.0308217,0.0554599,0.095372,0.158687,0.258651,0.158687,0.095372,0.0554599,0.0308217,0.0161943,0.00797616,0.00365991,0.00155808,0.000613826,0.000223475,7.51425e-05,2.33343e-05,6.69394e-06,1.77482e-06,4.35174e-07,9.87332e-08,2.07395e-08,4.0354e-09,7.27612e-10,1.21609e-10,1.8843e-11,2.70634e-12,3.55378e-13,0,0,
0,0,5.40945e-13,3.98191e-12,2.68124e-11,1.67597e-10,9.72633e-10,5.23952e-09,2.61911e-08,1.21437e-07,5.21993e-07,2.079e-06,7.66774e-06,2.61741e-05,8.26569e-05,0.000241432,0.000652343,0.00163164,0.00378349,0.00815541,0.0164108,0.0310205,0.0555505,0.0952487,0.158259,0.257854,0.158259,0.0952487,0.0555505,0.0310205,0.0164108,0.00815541,0.00378349,0.00163164,0.000652343,0.000241432,8.26569e-05,2.61741e-05,7.66774e-06,2.079e-06,5.21993e-07,1.21437e-07,2.61911e-08,5.23952e-09,9.72633e-10,1.67597e-10,2.68124e-11,3.98191e-12,5.40945e-13,0,0,
0,0,8.10059e-13,5.77203e-12,3.76373e-11,2.2814e-10,1.28567e-09,6.73433e-09,3.27754e-08,1.48148e-07,6.2161e-07,2.41978e-06,8.73428e-06,2.92183e-05,9.05512e-05,0.000259943,0.000691355,0.00170493,0.00390481,0.00832898,0.0166177,0.0312078,0.0556328,0.095127,0.157847,0.257091,0.157847,0.095127,0.0556328,0.0312078,0.0166177,0.00832898,0.00390481,0.00170493,0.000691355,0.000259943,9.05512e-05,2.92183e-05,8.73428e-06,2.41978e-06,6.2161e-07,1.48148e-07,3.27754e-08,6.73433e-09,1.28567e-09,2.2814e-10,3.76373e-11,5.77203e-12,8.10059e-13,0,0,
0,0,1.19454e-12,8.25026e-12,5.21601e-11,3.06951e-10,1.68155e-09,8.57316e-09,4.06631e-08,1.79346e-07,7.35179e-07,2.79944e-06,9.8968e-06,3.24685e-05,9.88166e-05,0.000278973,0.000730783,0.00177785,0.00402379,0.00849699,0.0168155,0.0313844,0.0557075,0.0950071,0.157452,0.256361,0.157452,0.0950071,0.0557075,0.0313844,0.0168155,0.00849699,0.00402379,0.00177785,0.000730783,0.000278973,9.88166e-05,3.24685e-05,9.8968e-06,2.79944e-06,7.35179e-07,1.79346e-07,4.06631e-08,8.57316e-09,1.68155e-09,3.06951e-10,5.21601e-11,8.25026e-12,1.19454e-12,0,0,
0,0,1.73615e-12,1.16373e-11,7.14173e-11,4.0846e-10,2.17743e-09,1.08157e-08,5.00396e-08,2.15536e-07,8.63875e-07,3.2202e-06,1.11582e-05,3.59251e-05,0.000107443,0.000298486,0.000770555,0.00185031,0.00414037,0.00865952,0.0170046,0.031551,0.0557753,0.094889,0.157071,0.255661,0.157071,0.094889,0.0557753,0.031551,0.0170046,0.00865952,0.00414037,0.00185031,0.000770555,0.000298486,0.000107443,3.59251e-05,1.11582e-05,3.2202e-06,8.63875e-07,2.15536e-07,5.00396e-08,1.08157e-08,2.17743e-09,4.0846e-10,7.14173e-11,1.16373e-11,1.73615e-12,0,0,
0,0,2.48902e-12,1.62108e-11,9.66721e-11,5.37901e-10,2.79296e-09,1.35284e-08,6.11046e-08,2.57243e-07,1.00888e-06,3.68417e-06,1.2521e-05,3.95881e-05,0.000116419,0.000318447,0.000810599,0.00192219,0.00425451,0.00881671,0.0171854,0.0317081,0.0558367,0.0947729,0.156706,0.25499,0.156706,0.0947729,0.0558367,0.0317081,0.0171854,0.00881671,0.00425451,0.00192219,0.000810599,0.000318447,0.000116419,3.95881e-05,1.2521e-05,3.68417e-06,1.00888e-06,2.57243e-07,6.11046e-08,1.35284e-08,2.79296e-09,5.37901e-10,9.66721e-11,1.62108e-11,2.48902e-12,0,0,
0,0,3.52247e-12,2.23157e-11,1.29448e-10,7.01399e-10,3.55046e-09,1.67845e-08,7.40721e-08,3.05015e-07,1.17138e-06,4.19339e-06,1.39873e-05,4.34564e-05,0.000125733,0.00033882,0.000850848,0.00199344,0.00436617,0.00896867,0.0173582,0.0318564,0.0558923,0.0946589,0.156354,0.254347,0.156354,0.0946589,0.0558923,0.0318564,0.0173582,0.00896867,0.00436617,0.00199344,0.000850848,0.00033882,0.000125733,4.34564e-05,1.39873e-05,4.19339e-06,1.17138e-06,3.05015e-07,7.40721e-08,1.67845e-08,3.55046e-09,7.01399e-10,1.29448e-10,2.23157e-11,3.52247e-12,0,0,
0,0,4.9243e-12,3.0377e-11,1.71566e-10,9.06065e-10,4.47514e-09,2.06643e-08,8.91696e-08,3.59416e-07,1.35254e-06,4.74978e-06,1.55591e-05,4.75283e-05,0.000135371,0.000359569,0.000891235,0.00206395,0.00447531,0.00911552,0.0175234,0.0319964,0.0559425,0.094547,0.156016,0.253729,0.156016,0.094547,0.0559425,0.0319964,0.0175234,0.00911552,0.00447531,0.00206395,0.000891235,0.000359569,0.000135371,4.75283e-05,1.55591e-05,4.74978e-06,1.35254e-06,3.59416e-07,8.91696e-08,2.06643e-08,4.47514e-09,9.06065e-10,1.71566e-10,3.0377e-11,4.9243e-12,0,0,
0,0,6.80449e-12,4.09126e-11,2.25183e-10,1.16009e-09,5.59518e-09,2.52551e-08,1.06638e-07,4.21021e-07,1.55353e-06,5.35511e-06,1.72377e-05,5.18013e-05,0.000145319,0.000380657,0.000931701,0.00213368,0.00458194,0.00925739,0.0176812,0.0321285,0.0559877,0.0944372,0.15569,0.253137,0.15569,0.0944372,0.0559877,0.0321285,0.0176812,0.00925739,0.00458194,0.00213368,0.000931701,0.000380657,0.000145319,5.18013e-05,1.72377e-05,5.35511e-06,1.55353e-06,4.21021e-07,1.06638e-07,2.52551e-08,5.59518e-09,1.16009e-09,2.25183e-10,4.09126e-11,6.80449e-12,0,0,
0,0,9.29944e-12,5.4548e-11,2.92834e-10,1.47282e-09,6.94193e-09,3.06515e-08,1.2673e-07,4.9042e-07,1.7755e-06,6.01105e-06,1.90242e-05,5.62722e-05,0.000155563,0.00040205,0.000972185,0.00220255,0.00468604,0.00939443,0.0178322,0.0322532,0.0560285,0.0943297,0.155376,0.252568,0.155376,0.0943297,0.0560285,0.0322532,0.0178322,0.00939443,0.00468604,0.00220255,0.000972185,0.00040205,0.000155563,5.62722e-05,1.90242e-05,6.01105e-06,1.7755e-06,4.9042e-07,1.2673e-07,3.06515e-08,6.94193e-09,1.47282e-09,2.92834e-10,5.4548e-11,9.29944e-12,0,0,
0,0,1.25767e-11,7.20325e-11,3.77471e-10,1.85489e-09,8.55003e-09,3.6955e-08,1.4971e-07,5.68207e-07,2.01954e-06,6.71911e-06,2.09194e-05,6.09375e-05,0.000166088,0.000423713,0.00101263,0.00227052,0.00478761,0.00952675,0.0179765,0.0323711,0.0560651,0.0942244,0.155074,0.252021,0.155074,0.0942244,0.0560651,0.0323711,0.0179765,0.00952675,0.00478761,0.00227052,0.00101263,0.000423713,0.000166088,6.09375e-05,2.09194e-05,6.71911e-06,2.01954e-06,5.68207e-07,1.4971e-07,3.6955e-08,8.55003e-09,1.85489e-09,3.77471e-10,7.20325e-11,1.25767e-11,0,0,
0,0,1.68402e-11,9.42553e-11,4.82508e-10,2.31824e-09,1.04575e-08,4.42742e-08,1.75852e-07,6.54984e-07,2.28673e-06,7.48065e-06,2.29234e-05,6.57926e-05,0.000176878,0.000445612,0.00105299,0.00233753,0.00488666,0.00965449,0.0181144,0.0324824,0.0560978,0.0941214,0.154783,0.251495,0.154783,0.0941214,0.0560978,0.0324824,0.0181144,0.00965449,0.00488666,0.00233753,0.00105299,0.000445612,0.000176878,6.57926e-05,2.29234e-05,7.48065e-06,2.28673e-06,6.54984e-07,1.75852e-07,4.42742e-08,1.04575e-08,2.31824e-09,4.82508e-10,9.42553e-11,1.68402e-11,0,0,
0,0,2.2336e-11,1.22264e-10,6.11867e-10,2.87625e-09,1.27057e-08,5.27244e-08,2.05441e-07,7.51349e-07,2.57811e-06,8.29688e-06,2.50364e-05,7.08328e-05,0.000187917,0.000467714,0.00109321,0.00240354,0.00498321,0.0097778,0.0182464,0.0325876,0.0561271,0.0940206,0.154502,0.25099,0.154502,0.0940206,0.0561271,0.0325876,0.0182464,0.0097778,0.00498321,0.00240354,0.00109321,0.000467714,0.000187917,7.08328e-05,2.50364e-05,8.29688e-06,2.57811e-06,7.51349e-07,2.05441e-07,5.27244e-08,1.27057e-08,2.87625e-09,6.11867e-10,1.22264e-10,2.2336e-11,0,0,
0,0,2.93583e-11,1.57284e-10,7.70019e-10,3.54381e-09,1.53396e-08,6.24273e-08,2.38767e-07,8.57902e-07,2.89466e-06,9.16883e-06,2.7258e-05,7.60527e-05,0.000199189,0.000489986,0.00113325,0.00246852,0.00507726,0.0098968,0.0183725,0.032687,0.0561531,0.0939221,0.154232,0.250504,0.154232,0.0939221,0.0561531,0.032687,0.0183725,0.0098968,0.00507726,0.00246852,0.00113325,0.000489986,0.000199189,7.60527e-05,2.7258e-05,9.16883e-06,2.89466e-06,8.57902e-07,2.38767e-07,6.24273e-08,1.53396e-08,3.54381e-09,7.70019e-10,1.57284e-10,2.93583e-11,0,0,
0,0,3.82567e-11,2.00736e-10,9.62025e-10,4.33735e-09,1.84077e-08,7.3511e-08,2.7613e-07,9.75234e-07,3.2373e-06,1.00974e-05,2.95873e-05,8.14465e-05,0.000210677,0.000512397,0.00117307,0.00253243,0.00516886,0.0100116,0.0184931,0.032781,0.0561761,0.0938258,0.153971,0.250037,0.153971,0.0938258,0.0561761,0.032781,0.0184931,0.0100116,0.00516886,0.00253243,0.00117307,0.000512397,0.000210677,8.14465e-05,2.95873e-05,1.00974e-05,3.2373e-06,9.75234e-07,2.7613e-07,7.3511e-08,1.84077e-08,4.33735e-09,9.62025e-10,2.00736e-10,3.82567e-11,0,0,
0,0,4.94428e-11,2.5426e-10,1.19359e-09,5.27496e-09,2.19618e-08,8.61095e-08,3.17831e-07,1.10393e-06,3.60692e-06,1.10832e-05,3.20236e-05,8.70082e-05,0.000222366,0.000534917,0.00121262,0.00259524,0.00525802,0.0101224,0.0186085,0.0328698,0.0561965,0.0937317,0.153719,0.249586,0.153719,0.0937317,0.0561965,0.0328698,0.0186085,0.0101224,0.00525802,0.00259524,0.00121262,0.000534917,0.000222366,8.70082e-05,3.20236e-05,1.10832e-05,3.60692e-06,1.10393e-06,3.17831e-07,8.61095e-08,2.19618e-08,5.27496e-09,1.19359e-09,2.5426e-10,4.94428e-11,0,0,
0,0,6.33979e-11,3.19731e-10,1.47107e-09,6.37636e-09,2.60576e-08,1.00362e-07,3.64179e-07,1.24456e-06,4.00431e-06,1.2127e-05,3.45653e-05,9.27311e-05,0.000234239,0.000557517,0.00125186,0.00265695,0.00534478,0.0102293,0.0187188,0.0329539,0.0562143,0.0936398,0.153477,0.249153,0.153477,0.0936398,0.0562143,0.0329539,0.0187188,0.0102293,0.00534478,0.00265695,0.00125186,0.000557517,0.000234239,9.27311e-05,3.45653e-05,1.2127e-05,4.00431e-06,1.24456e-06,3.64179e-07,1.00362e-07,2.60576e-08,6.37636e-09,1.47107e-09,3.19731e-10,6.33979e-11,0,0,
0,0,8.06812e-11,3.99283e-10,1.80158e-09,7.66303e-09,3.07536e-08,1.16413e-07,4.15483e-07,1.39767e-06,4.43022e-06,1.32289e-05,3.72109e-05,9.86084e-05,0.00024628,0.000580169,0.00129078,0.00271751,0.00542918,0.0103323,0.0188243,0.0330334,0.0562298,0.0935501,0.153243,0.248736,0.153243,0.0935501,0.0562298,0.0330334,0.0188243,0.0103323,0.00542918,0.00271751,0.00129078,0.000580169,0.00024628,9.86084e-05,3.72109e-05,1.32289e-05,4.43022e-06,1.39767e-06,4.15483e-07,1.16413e-07,3.07536e-08,7.66303e-09,1.80158e-09,3.99283e-10,8.06812e-11,0,0,
0,0,1.01938e-10,4.95332e-10,2.19295e-09,9.15815e-09,3.61123e-08,1.34411e-07,4.72053e-07,1.56381e-06,4.88532e-06,1.43893e-05,3.99586e-05,0.000104633,0.000258473,0.000602846,0.00132933,0.00277693,0.00551124,0.0104317,0.0189253,0.0331086,0.0562432,0.0934626,0.153017,0.248334,0.153017,0.0934626,0.0562432,0.0331086,0.0189253,0.0104317,0.00551124,0.00277693,0.00132933,0.000602846,0.000258473,0.000104633,3.99586e-05,1.43893e-05,4.88532e-06,1.56381e-06,4.72053e-07,1.34411e-07,3.61123e-08,9.15815e-09,2.19295e-09,4.95332e-10,1.01938e-10,0,0,
0,0,1.27907e-10,6.10592e-10,2.65381e-09,1.08867e-08,4.21988e-08,1.54508e-07,5.34199e-07,1.74349e-06,5.37021e-06,1.56083e-05,4.28061e-05,0.000110798,0.000270801,0.000625523,0.00136748,0.0028352,0.00559102,0.0105276,0.0190219,0.0331798,0.0562547,0.0933772,0.152798,0.247947,0.152798,0.0933772,0.0562547,0.0331798,0.0190219,0.0105276,0.00559102,0.0028352,0.00136748,0.000625523,0.000270801,0.000110798,4.28061e-05,1.56083e-05,5.37021e-06,1.74349e-06,5.34199e-07,1.54508e-07,4.21988e-08,1.08867e-08,2.65381e-09,6.10592e-10,1.27907e-10,0,0,
0,0,1.59432e-10,7.48096e-10,3.19359e-09,1.28754e-08,4.90815e-08,1.76861e-07,6.02226e-07,1.9372e-06,5.88542e-06,1.68856e-05,4.57511e-05,0.000117096,0.00028325,0.000648175,0.00140521,0.00289229,0.00566854,0.0106201,0.0191143,0.0332471,0.0562644,0.0932939,0.152588,0.247573,0.152588,0.0932939,0.0562644,0.0332471,0.0191143,0.0106201,0.00566854,0.00289229,0.00140521,0.000648175,0.00028325,0.000117096,4.57511e-05,1.68856e-05,5.88542e-06,1.9372e-06,6.02226e-07,1.76861e-07,4.90815e-08,1.28754e-08,3.19359e-09,7.48096e-10,1.59432e-10,0,0,
0,0,1.97466e-10,9.11219e-10,3.82258e-09,1.51527e-08,5.68319e-08,2.01628e-07,6.7644e-07,2.14541e-06,6.43139e-06,1.8221e-05,4.87911e-05,0.000123519,0.000295804,0.00067078,0.0014425,0.00294822,0.00574387,0.0107092,0.0192028,0.0333109,0.0562725,0.0932126,0.152384,0.247213,0.152384,0.0932126,0.0562725,0.0333109,0.0192028,0.0107092,0.00574387,0.00294822,0.0014425,0.00067078,0.000295804,0.000123519,4.87911e-05,1.8221e-05,6.43139e-06,2.14541e-06,6.7644e-07,2.01628e-07,5.68319e-08,1.51527e-08,3.82258e-09,9.11219e-10,1.97466e-10,0,0,
0,0,2.43085e-10,1.1037e-09,4.55192e-09,1.77488e-08,6.55237e-08,2.28969e-07,7.57138e-07,2.36856e-06,7.00849e-06,1.96142e-05,5.19233e-05,0.000130059,0.000308448,0.000693315,0.00147933,0.00300298,0.00581703,0.0107952,0.0192874,0.0333712,0.056279,0.0931334,0.152188,0.246866,0.152188,0.0931334,0.056279,0.0333712,0.0192874,0.0107952,0.00581703,0.00300298,0.00147933,0.000693315,0.000308448,0.000130059,5.19233e-05,1.96142e-05,7.00849e-06,2.36856e-06,7.57138e-07,2.28969e-07,6.55237e-08,1.77488e-08,4.55192e-09,1.1037e-09,2.43085e-10,0,0,
0,0,2.97494e-10,1.32963e-09,5.39364e-09,2.06957e-08,7.52335e-08,2.59047e-07,8.44613e-07,2.60705e-06,7.61703e-06,2.10645e-05,5.51446e-05,0.00013671,0.000321167,0.00071576,0.00151568,0.00305656,0.00588808,0.010878,0.0193684,0.0334284,0.0562842,0.0930562,0.151998,0.246531,0.151998,0.0930562,0.0562842,0.0334284,0.0193684,0.010878,0.00588808,0.00305656,0.00151568,0.00071576,0.000321167,0.00013671,5.51446e-05,2.10645e-05,7.61703e-06,2.60705e-06,8.44613e-07,2.59047e-07,7.52335e-08,2.06957e-08,5.39364e-09,1.32963e-09,2.97494e-10,0,0,
0,0,3.62033e-10,1.59353e-09,6.36063e-09,2.40269e-08,8.60399e-08,2.92023e-07,9.39147e-07,2.86126e-06,8.25721e-06,2.25713e-05,5.84521e-05,0.000143462,0.000333948,0.000738096,0.00155153,0.00310898,0.00595706,0.0109579,0.019446,0.0334825,0.0562882,0.0929809,0.151814,0.246207,0.151814,0.0929809,0.0562882,0.0334825,0.019446,0.0109579,0.00595706,0.00310898,0.00155153,0.000738096,0.000333948,0.000143462,5.84521e-05,2.25713e-05,8.25721e-06,2.86126e-06,9.39147e-07,2.92023e-07,8.60399e-08,2.40269e-08,6.36063e-09,1.59353e-09,3.62033e-10,0,0,
0,0,4.38191e-10,1.90031e-09,7.46672e-09,2.77777e-08,9.80234e-08,3.2806e-07,1.04102e-06,3.13155e-06,8.92918e-06,2.41338e-05,6.18424e-05,0.000150309,0.000346776,0.000760305,0.00158686,0.00316024,0.00602403,0.011035,0.0195202,0.0335338,0.0562909,0.0929075,0.151637,0.245895,0.151637,0.0929075,0.0562909,0.0335338,0.0195202,0.011035,0.00602403,0.00316024,0.00158686,0.000760305,0.000346776,0.000150309,6.18424e-05,2.41338e-05,8.92918e-06,3.13155e-06,1.04102e-06,3.2806e-07,9.80234e-08,2.77777e-08,7.46672e-09,1.90031e-09,4.38191e-10,0,0,
0,0,5.2761e-10,2.25528e-09,8.72659e-09,3.19847e-08,1.11267e-07,3.67319e-07,1.15048e-06,3.4182e-06,9.63301e-06,2.5751e-05,6.53122e-05,0.000157243,0.000359639,0.000782369,0.00162166,0.00321034,0.00608901,0.0111092,0.0195913,0.0335824,0.0562927,0.092836,0.151465,0.245594,0.151465,0.092836,0.0562927,0.0335824,0.0195913,0.0111092,0.00608901,0.00321034,0.00162166,0.000782369,0.000359639,0.000157243,6.53122e-05,2.5751e-05,9.63301e-06,3.4182e-06,1.15048e-06,3.67319e-07,1.11267e-07,3.19847e-08,8.72659e-09,2.25528e-09,5.2761e-10,0,0,
0,0,6.32092e-10,2.66421e-09,1.01558e-08,3.66861e-08,1.25853e-07,4.09962e-07,1.2678e-06,3.72151e-06,1.03687e-05,2.74218e-05,6.8858e-05,0.000164255,0.000372523,0.000804273,0.00165593,0.00325929,0.00615208,0.0111808,0.0196594,0.0336284,0.0562934,0.0927663,0.151299,0.245303,0.151299,0.0927663,0.0562934,0.0336284,0.0196594,0.0111808,0.00615208,0.00325929,0.00165593,0.000804273,0.000372523,0.000164255,6.8858e-05,2.74218e-05,1.03687e-05,3.72151e-06,1.2678e-06,4.09962e-07,1.25853e-07,3.66861e-08,1.01558e-08,2.66421e-09,6.32092e-10,0,0,
0,0,7.53609e-10,3.1333e-09,1.1771e-08,4.19214e-08,1.41867e-07,4.56146e-07,1.39321e-06,4.04171e-06,1.11361e-05,2.91452e-05,7.24762e-05,0.000171339,0.000385417,0.000826002,0.00168966,0.00330711,0.00621326,0.0112498,0.0197246,0.033672,0.0562933,0.0926984,0.151139,0.245022,0.151139,0.0926984,0.0562933,0.033672,0.0197246,0.0112498,0.00621326,0.00330711,0.00168966,0.000826002,0.000385417,0.000171339,7.24762e-05,2.91452e-05,1.11361e-05,4.04171e-06,1.39321e-06,4.56146e-07,1.41867e-07,4.19214e-08,1.1771e-08,3.1333e-09,7.53609e-10,0,0,
0,0,8.94305e-10,3.6692e-09,1.35893e-08,4.77314e-08,1.59395e-07,5.06026e-07,1.52694e-06,4.37901e-06,1.19351e-05,3.09198e-05,7.61633e-05,0.000178487,0.000398308,0.000847542,0.00172282,0.0033538,0.00627261,0.0113164,0.019787,0.0337134,0.0562924,0.0926322,0.150984,0.244751,0.150984,0.0926322,0.0562924,0.0337134,0.019787,0.0113164,0.00627261,0.0033538,0.00172282,0.000847542,0.000398308,0.000178487,7.61633e-05,3.09198e-05,1.19351e-05,4.37901e-06,1.52694e-06,5.06026e-07,1.59395e-07,4.77314e-08,1.35893e-08,3.6692e-09,8.94305e-10,0,0,
0,0,1.05651e-09,4.27899e-09,1.5629e-08,5.4158e-08,1.78522e-07,5.59754e-07,1.6692e-06,4.73356e-06,1.27656e-05,3.27443e-05,7.99154e-05,0.000185692,0.000411186,0.000868881,0.00175543,0.00339938,0.00633017,0.0113805,0.0198468,0.0337525,0.0562908,0.0925678,0.150834,0.244489,0.150834,0.0925678,0.0562908,0.0337525,0.0198468,0.0113805,0.00633017,0.00339938,0.00175543,0.000868881,0.000411186,0.000185692,7.99154e-05,3.27443e-05,1.27656e-05,4.73356e-06,1.6692e-06,5.59754e-07,1.78522e-07,5.4158e-08,1.5629e-08,4.27899e-09,1.05651e-09,0,0,
0,0,1.24272e-09,4.97022e-09,1.7909e-08,6.12441e-08,1.99335e-07,6.1748e-07,1.82019e-06,5.1055e-06,1.36271e-05,3.46171e-05,8.37289e-05,0.000192947,0.000424039,0.000890007,0.00178747,0.00344387,0.006386,0.0114424,0.0199042,0.0337897,0.0562885,0.0925051,0.150688,0.244235,0.150688,0.0925051,0.0562885,0.0337897,0.0199042,0.0114424,0.006386,0.00344387,0.00178747,0.000890007,0.000424039,0.000192947,8.37289e-05,3.46171e-05,1.36271e-05,5.1055e-06,1.82019e-06,6.1748e-07,1.99335e-07,6.12441e-08,1.7909e-08,4.97022e-09,1.24272e-09,0,0,
0,0,1.45565e-09,5.75089e-09,2.04492e-08,6.90337e-08,2.21921e-07,6.79345e-07,1.98009e-06,5.49492e-06,1.45193e-05,3.6537e-05,8.76e-05,0.000200243,0.000436857,0.000910908,0.00181894,0.00348727,0.00644013,0.011502,0.0199591,0.0338249,0.0562856,0.0924439,0.150548,0.24399,0.150548,0.0924439,0.0562856,0.0338249,0.0199591,0.011502,0.00644013,0.00348727,0.00181894,0.000910908,0.000436857,0.000200243,8.76e-05,3.6537e-05,1.45193e-05,5.49492e-06,1.98009e-06,6.79345e-07,2.21921e-07,6.90337e-08,2.04492e-08,5.75089e-09,1.45565e-09,0,0,
0,0,1.69817e-09,6.62944e-09,2.327e-08,7.75713e-08,2.46363e-07,7.45488e-07,2.14906e-06,5.90187e-06,1.54419e-05,3.85021e-05,9.15249e-05,0.000207576,0.00044963,0.000931576,0.00184983,0.0035296,0.00649262,0.0115595,0.0200117,0.0338583,0.0562821,0.0923844,0.150412,0.243754,0.150412,0.0923844,0.0562821,0.0338583,0.0200117,0.0115595,0.00649262,0.0035296,0.00184983,0.000931576,0.00044963,0.000207576,9.15249e-05,3.85021e-05,1.54419e-05,5.90187e-06,2.14906e-06,7.45488e-07,2.46363e-07,7.75713e-08,2.327e-08,6.62944e-09,1.69817e-09,0,0,
0,0,1.97338e-09,7.61476e-09,2.63928e-08,8.69021e-08,2.72748e-07,8.16042e-07,2.32726e-06,6.32638e-06,1.63943e-05,4.05109e-05,9.54999e-05,0.000214937,0.000462349,0.000952002,0.00188016,0.00357089,0.0065435,0.0116149,0.0200621,0.0338899,0.0562781,0.0923264,0.15028,0.243525,0.15028,0.0923264,0.0562781,0.0338899,0.0200621,0.0116149,0.0065435,0.00357089,0.00188016,0.000952002,0.000462349,0.000214937,9.54999e-05,4.05109e-05,1.63943e-05,6.32638e-06,2.32726e-06,8.16042e-07,2.72748e-07,8.69021e-08,2.63928e-08,7.61476e-09,1.97338e-09,0,0,
0,0,2.28455e-09,8.71617e-09,2.98392e-08,9.70718e-08,3.01159e-07,8.91133e-07,2.51481e-06,6.76843e-06,1.7376e-05,4.25616e-05,9.95211e-05,0.00022232,0.000475006,0.000972177,0.0019099,0.00361114,0.00659283,0.0116683,0.0201104,0.0339199,0.0562737,0.09227,0.150153,0.243303,0.150153,0.09227,0.0562737,0.0339199,0.0201104,0.0116683,0.00659283,0.00361114,0.0019099,0.000972177,0.000475006,0.00022232,9.95211e-05,4.25616e-05,1.7376e-05,6.76843e-06,2.51481e-06,8.91133e-07,3.01159e-07,9.70718e-08,2.98392e-08,8.71617e-09,2.28455e-09,0,0,
0,0,2.63514e-09,9.94339e-09,3.36319e-08,1.08127e-07,3.31678e-07,9.70881e-07,2.71182e-06,7.22797e-06,1.83865e-05,4.46526e-05,0.000103585,0.00022972,0.000487591,0.000992095,0.00193907,0.00365037,0.00664064,0.0117198,0.0201567,0.0339484,0.0562689,0.092215,0.150029,0.243089,0.150029,0.092215,0.0562689,0.0339484,0.0201567,0.0117198,0.00664064,0.00365037,0.00193907,0.000992095,0.000487591,0.00022972,0.000103585,4.46526e-05,1.83865e-05,7.22797e-06,2.71182e-06,9.70881e-07,3.31678e-07,1.08127e-07,3.36319e-08,9.94339e-09,2.63514e-09,0,0,
0,0,3.02882e-09,1.13066e-08,3.77938e-08,1.20112e-07,3.64385e-07,1.0554e-06,2.9184e-06,7.7049e-06,1.9425e-05,4.6782e-05,0.000107687,0.000237129,0.000500098,0.00101175,0.00196767,0.0036886,0.00668698,0.0117695,0.0202011,0.0339754,0.0562638,0.0921615,0.14991,0.242882,0.14991,0.0921615,0.0562638,0.0339754,0.0202011,0.0117695,0.00668698,0.0036886,0.00196767,0.00101175,0.000500098,0.000237129,0.000107687,4.6782e-05,1.9425e-05,7.7049e-06,2.9184e-06,1.0554e-06,3.64385e-07,1.20112e-07,3.77938e-08,1.13066e-08,3.02882e-09,0,0,
0,0,3.46945e-09,1.28162e-08,4.23484e-08,1.33076e-07,3.9936e-07,1.14479e-06,3.13462e-06,8.19912e-06,2.0491e-05,4.8948e-05,0.000111825,0.000244542,0.000512518,0.00103113,0.0019957,0.00372585,0.00673189,0.0118174,0.0202437,0.034001,0.0562583,0.0921093,0.149794,0.242681,0.149794,0.0921093,0.0562583,0.034001,0.0202437,0.0118174,0.00673189,0.00372585,0.0019957,0.00103113,0.000512518,0.000244542,0.000111825,4.8948e-05,2.0491e-05,8.19912e-06,3.13462e-06,1.14479e-06,3.9936e-07,1.33076e-07,4.23484e-08,1.28162e-08,3.46945e-09,0,0,
0,0,3.96105e-09,1.44833e-08,4.73195e-08,1.47062e-07,4.36677e-07,1.23916e-06,3.36053e-06,8.71047e-06,2.15837e-05,5.11487e-05,0.000115994,0.000251954,0.000524844,0.00105024,0.00202316,0.00376214,0.00677541,0.0118636,0.0202845,0.0340252,0.0562525,0.0920586,0.149682,0.242487,0.149682,0.0920586,0.0562525,0.0340252,0.0202845,0.0118636,0.00677541,0.00376214,0.00202316,0.00105024,0.000524844,0.000251954,0.000115994,5.11487e-05,2.15837e-05,8.71047e-06,3.36053e-06,1.23916e-06,4.36677e-07,1.47062e-07,4.73195e-08,1.44833e-08,3.96105e-09,0,0,
0,0,4.50786e-09,1.6319e-08,5.27315e-08,1.62118e-07,4.76412e-07,1.33859e-06,3.59619e-06,9.23878e-06,2.27024e-05,5.33823e-05,0.000120191,0.000259358,0.000537072,0.00106907,0.00205006,0.00379748,0.00681758,0.0119081,0.0203237,0.0340483,0.0562465,0.0920092,0.149573,0.242299,0.149573,0.0920092,0.0562465,0.0340483,0.0203237,0.0119081,0.00681758,0.00379748,0.00205006,0.00106907,0.000537072,0.000259358,0.000120191,5.33823e-05,2.27024e-05,9.23878e-06,3.59619e-06,1.33859e-06,4.76412e-07,1.62118e-07,5.27315e-08,1.6319e-08,4.50786e-09,0,0,
0,0,5.11427e-09,1.83349e-08,5.86089e-08,1.78289e-07,5.18634e-07,1.44316e-06,3.8416e-06,9.78382e-06,2.38462e-05,5.56468e-05,0.000124412,0.000266749,0.000549193,0.00108761,0.00207639,0.0038319,0.00685844,0.011951,0.0203612,0.0340701,0.0562402,0.0919611,0.149468,0.242117,0.149468,0.0919611,0.0562402,0.0340701,0.0203612,0.011951,0.00685844,0.0038319,0.00207639,0.00108761,0.000549193,0.000266749,0.000124412,5.56468e-05,2.38462e-05,9.78382e-06,3.8416e-06,1.44316e-06,5.18634e-07,1.78289e-07,5.86089e-08,1.83349e-08,5.11427e-09,0,0,
0,0,5.78484e-09,2.05428e-08,6.49763e-08,1.95619e-07,5.63411e-07,1.55296e-06,4.09679e-06,1.03454e-05,2.50144e-05,5.79405e-05,0.000128654,0.000274123,0.000561203,0.00110587,0.00210217,0.00386542,0.00689803,0.0119924,0.0203972,0.0340908,0.0562338,0.0919142,0.149365,0.241941,0.149365,0.0919142,0.0562338,0.0340908,0.0203972,0.0119924,0.00689803,0.00386542,0.00210217,0.00110587,0.000561203,0.000274123,0.000128654,5.79405e-05,2.50144e-05,1.03454e-05,4.09679e-06,1.55296e-06,5.63411e-07,1.95619e-07,6.49763e-08,2.05428e-08,5.78484e-09,0,0,
0,0,6.52431e-09,2.2955e-08,7.18587e-08,2.14153e-07,6.10808e-07,1.66803e-06,4.36174e-06,1.09231e-05,2.62061e-05,6.02613e-05,0.000132914,0.000281474,0.000573097,0.00112385,0.00212739,0.00389804,0.00693639,0.0120324,0.0204318,0.0341105,0.0562272,0.0918686,0.149267,0.241771,0.149267,0.0918686,0.0562272,0.0341105,0.0204318,0.0120324,0.00693639,0.00389804,0.00212739,0.00112385,0.000573097,0.000281474,0.000132914,6.02613e-05,2.62061e-05,1.09231e-05,4.36174e-06,1.66803e-06,6.10808e-07,2.14153e-07,7.18587e-08,2.2955e-08,6.52431e-09,0,0,
0,0,7.33754e-09,2.55838e-08,7.9281e-08,2.33933e-07,6.60887e-07,1.78844e-06,4.63641e-06,1.15168e-05,2.74204e-05,6.26074e-05,0.000137188,0.000288798,0.000584869,0.00114153,0.00215207,0.0039298,0.00697355,0.0120709,0.0204649,0.0341292,0.0562204,0.0918242,0.149171,0.241606,0.149171,0.0918242,0.0562204,0.0341292,0.0204649,0.0120709,0.00697355,0.0039298,0.00215207,0.00114153,0.000584869,0.000288798,0.000137188,6.26074e-05,2.74204e-05,1.15168e-05,4.63641e-06,1.78844e-06,6.60887e-07,2.33933e-07,7.9281e-08,2.55838e-08,7.33754e-09,0,0,
0,0,8.22958e-09,2.84417e-08,8.7268e-08,2.55002e-07,7.13703e-07,1.91423e-06,4.92077e-06,1.21262e-05,2.86564e-05,6.49769e-05,0.000141473,0.00029609,0.000596515,0.00115892,0.00217621,0.00396071,0.00700955,0.012108,0.0204967,0.0341469,0.0562135,0.091781,0.149078,0.241446,0.149078,0.091781,0.0562135,0.0341469,0.0204967,0.012108,0.00700955,0.00396071,0.00217621,0.00115892,0.000596515,0.00029609,0.000141473,6.49769e-05,2.86564e-05,1.21262e-05,4.92077e-06,1.91423e-06,7.13703e-07,2.55002e-07,8.7268e-08,2.84417e-08,8.22958e-09,0,0,
0,0,9.20557e-09,3.15416e-08,9.58447e-08,2.77401e-07,7.69311e-07,2.04545e-06,5.21475e-06,1.27508e-05,2.99132e-05,6.73679e-05,0.000145766,0.000303347,0.000608032,0.00117601,0.00219982,0.00399079,0.00704443,0.0121438,0.0205273,0.0341636,0.0562065,0.0917389,0.148988,0.241291,0.148988,0.0917389,0.0562065,0.0341636,0.0205273,0.0121438,0.00704443,0.00399079,0.00219982,0.00117601,0.000608032,0.000303347,0.000145766,6.73679e-05,2.99132e-05,1.27508e-05,5.21475e-06,2.04545e-06,7.69311e-07,2.77401e-07,9.58447e-08,3.15416e-08,9.20557e-09,0,0,
0,0,1.02708e-08,3.48963e-08,1.05036e-07,3.0117e-07,8.2776e-07,2.18211e-06,5.51827e-06,1.33903e-05,3.11898e-05,6.97785e-05,0.000150063,0.000310564,0.000619416,0.00119281,0.0022229,0.00402006,0.00707822,0.0121784,0.0205565,0.0341796,0.0561994,0.091698,0.1489,0.241141,0.1489,0.091698,0.0561994,0.0341796,0.0205565,0.0121784,0.00707822,0.00402006,0.0022229,0.00119281,0.000619416,0.000310564,0.000150063,6.97785e-05,3.11898e-05,1.33903e-05,5.51827e-06,2.18211e-06,8.2776e-07,3.0117e-07,1.05036e-07,3.48963e-08,1.02708e-08,0,0,
0,0,1.14306e-08,3.85188e-08,1.14865e-07,3.26346e-07,8.89096e-07,2.32424e-06,5.83124e-06,1.40444e-05,3.24854e-05,7.22069e-05,0.000154362,0.000317737,0.000630662,0.00120932,0.00224546,0.00404853,0.00711094,0.0122117,0.0205846,0.0341947,0.0561923,0.0916581,0.148816,0.240995,0.148816,0.0916581,0.0561923,0.0341947,0.0205846,0.0122117,0.00711094,0.00404853,0.00224546,0.00120932,0.000630662,0.000317737,0.000154362,7.22069e-05,3.24854e-05,1.40444e-05,5.83124e-06,2.32424e-06,8.89096e-07,3.26346e-07,1.14865e-07,3.85188e-08,1.14306e-08,0,0,
0,0,1.26905e-08,4.24223e-08,1.25358e-07,3.52966e-07,9.5336e-07,2.47186e-06,6.15356e-06,1.47126e-05,3.37989e-05,7.46512e-05,0.000158661,0.000324863,0.000641769,0.00122553,0.00226751,0.00407623,0.00714264,0.0122439,0.0206116,0.034209,0.0561851,0.0916193,0.148733,0.240855,0.148733,0.0916193,0.0561851,0.034209,0.0206116,0.0122439,0.00714264,0.00407623,0.00226751,0.00122553,0.000641769,0.000324863,0.000158661,7.46512e-05,3.37989e-05,1.47126e-05,6.15356e-06,2.47186e-06,9.5336e-07,3.52966e-07,1.25358e-07,4.24223e-08,1.26905e-08,0,0,
0,0,1.40561e-08,4.66198e-08,1.36536e-07,3.81067e-07,1.02059e-06,2.62496e-06,6.4851e-06,1.53946e-05,3.51294e-05,7.71097e-05,0.000162955,0.000331938,0.000652734,0.00124145,0.00228905,0.00410317,0.00717335,0.0122749,0.0206375,0.0342226,0.0561778,0.0915815,0.148654,0.240718,0.148654,0.0915815,0.0561778,0.0342226,0.0206375,0.0122749,0.00717335,0.00410317,0.00228905,0.00124145,0.000652734,0.000331938,0.000162955,7.71097e-05,3.51294e-05,1.53946e-05,6.4851e-06,2.62496e-06,1.02059e-06,3.81067e-07,1.36536e-07,4.66198e-08,1.40561e-08,0,0,
0,0,1.5533e-08,5.11244e-08,1.48425e-07,4.1068e-07,1.09082e-06,2.78353e-06,6.82572e-06,1.60898e-05,3.64759e-05,7.95806e-05,0.000167243,0.00033896,0.000663553,0.00125708,0.00231009,0.00412937,0.00720309,0.0123048,0.0206624,0.0342355,0.0561705,0.0915447,0.148576,0.240586,0.148576,0.0915447,0.0561705,0.0342355,0.0206624,0.0123048,0.00720309,0.00412937,0.00231009,0.00125708,0.000663553,0.00033896,0.000167243,7.95806e-05,3.64759e-05,1.60898e-05,6.82572e-06,2.78353e-06,1.09082e-06,4.1068e-07,1.48425e-07,5.11244e-08,1.5533e-08,0,0,
0,0,1.71268e-08,5.59493e-08,1.61046e-07,4.41838e-07,1.16407e-06,2.94756e-06,7.17528e-06,1.67979e-05,3.78374e-05,8.2062e-05,0.000171522,0.000345925,0.000674226,0.00127242,0.00233065,0.00415486,0.0072319,0.0123336,0.0206863,0.0342478,0.0561632,0.0915089,0.148501,0.240457,0.148501,0.0915089,0.0561632,0.0342478,0.0206863,0.0123336,0.0072319,0.00415486,0.00233065,0.00127242,0.000674226,0.000345925,0.000171522,8.2062e-05,3.78374e-05,1.67979e-05,7.17528e-06,2.94756e-06,1.16407e-06,4.41838e-07,1.61046e-07,5.59493e-08,1.71268e-08,0,0,
